index,category,question,expected,model_answer,time_sec,grader_result
1,Direct,What is the remaining mortgage balance?,"342,600","The remaining mortgage balance is 11,400 dollars.",N/A,FAIL
2,Direct,What is the monthly mortgage payment?,"2,180","The monthly mortgage payment is 2,180 dollars.",N/A,PASS
3,Direct,What is the interest rate on the mortgage?,5.35,The interest rate on the mortgage is 5.35 percent.,N/A,PASS
4,Direct,How much remains on the car loan?,"11,400","The remaining balance on the car loan is 11,400 dollars.",N/A,PASS
5,Direct,What is the monthly car loan payment?,365,The monthly car loan payment is $365.,N/A,PASS
6,Direct,How much is currently in the emergency fund?,"15,000","The emergency fund is currently sitting at 15,000 dollars, set aside specifically to cover job loss, medical surprises, or major unplanned home costs.",N/A,PASS
7,Direct,What is the target for the emergency fund?,"24,000","The target for the emergency fund is 24,000 dollars. Explanation: The emergency fund is kept in a separate high-yield savings product with a target of 24,000 dollars, roughly six months of core living expenses by the household's own estimate. This account is kept in a separate high",N/A,PASS
8,Direct,How much is currently in the brokerage account?,"58,300","58,300 dollars",N/A,PASS
9,Paraphrased,How much does the household pay every month toward the home loan?,"2,180","The household pays 2,180 dollars per month toward their home loan.",N/A,PASS
10,Paraphrased,What amount has been set aside as the household's financial safety cushion?,"15,000","The household's financial safety cushion is 24,000 dollars.",N/A,FAIL
11,Paraphrased,What sum has been accumulated for repairing the house?,"6,200","The Whitfields have accumulated a sum of 6,200 dollars for repairing the house.",N/A,PASS
12,Paraphrased,How much money has been put away for the eventual replacement of Priya's car?,"4,800","$4,800",N/A,PASS
13,Paraphrased,What is the current value of the household's taxable investment account?,"58,300","The household's taxable investment account currently has a value of 58,300 dollars.",N/A,PASS
14,Conceptual,Why does the household keep several savings accounts instead of putting all the money into one account?,separate goals,"The household keeps separate savings accounts for each of their core investment strategies, emergency fund, home repair fund, and vehicle savings account. They view these accounts as separate and discretionary in the sense that they do not cover an emergency, but they are important for long-term financial planning and for providing a buffer against unexpected expenses. They keep",N/A,FAIL
15,Conceptual,Why is the emergency fund kept separate from the home repair fund?,emergencies,"The emergency fund is kept separate from the home repair fund because they are intended for known but unscheduled expenses, things like an aging roof or an HVAC system that could fail without much warning. This money is intended for known but unscheduled expenses, things like an aging roof or an HVAC system that could fail without much warning. They",N/A,FAIL
16,Conceptual,Why do Daniel and Priya consider the car loan more urgent than the mortgage?,higher rate,"Daniel and Priya consider the car loan to be more urgent than the mortgage because they have already agreed that any major financial decision, from a large purchase to a change in savings strategy, should be discussed together rather than decided unilaterally, and this preference is described repeatedly throughout their broader planning notes, not just in the context of",N/A,FAIL
17,Conceptual,Why don't they consider their brokerage account to be emergency savings?,market,"Because the household holds a taxable brokerage account that is treated very differently from the emergency fund, it is considered to be emergency savings.",N/A,FAIL
18,Conceptual,Why is the vacation fund considered more flexible than the vehicle fund?,vacation can be postponed,"The vacation fund is considered more flexible than the vehicle fund because it is intended for known but unscheduled expenses, things like an aging roof or an HVAC system that could fail without much warning. The household has deliberately kept it separate from the emergency fund because they do not want a routine repair, however large, to eat into the reserve they would need if someone lost",N/A,FAIL
19,Comparison,"Which has the higher interest rate, the mortgage or the car loan?",car loan,The mortgage has a higher interest rate than the car loan.,N/A,PASS
20,Comparison,How does the purpose of the emergency fund differ from the home repair fund?,emergency fund,"The purpose of the emergency fund is to cover known but unscheduled expenses, things like an aging roof or an HVAC system that could fail without much warning. The household has deliberately kept it separate from the emergency fund because they do not want a routine repair, however large, to eat into the reserve they would need if someone lost a job",N/A,PASS
21,Comparison,How are the brokerage account and cryptocurrency holdings treated differently?,cryptocurrency,"Both the brokerage account and the cryptocurrency holdings are treated differently from the emergency fund, which is meant to grow over a long horizon and is not considered accessible for near-term needs, even though it is technically liquid. The brokerage account's value is not considered managable, while the cryptocurrency position is treated as a speculative holding",N/A,PASS
22,Comparison,"Which is considered more urgent, replacing the car or taking the vacation?",vehicle,"The vacation fund is more urgent than the car, as it requires the household to plan for a trip that may be unforeseen.",N/A,FAIL
23,Multi-hop,Why do they prioritize paying off the car loan before making extra mortgage payments?,car loan,"To the top of their list of things to deal with. The escrow portion of their payment covers both property taxes and homeowners insurance, though the notes here do not break down what share of the 2,180 dollar payment goes toward each piece versus principal and interest. Separately, the household is still paying off an auto loan with a",N/A,FAIL
24,Multi-hop,What financial priority comes after finishing the car loan?,emergency fund,"Answer: 2. Mortgage, which comes after finishing the car loan.",N/A,FAIL
25,Multi-hop,Why does the household continue retirement contributions even while dealing with shorter-term goals?,long-term,"The household continues retirement contributions, regardless of short-term goals, as part of their ongoing financial philosophy. They place a high value on predictability and clear separation between categories of money, and they believe that debt payoff is a necessary and often beneficial part of financial planning. Their retirement contributions are also likely driven by their desire to have a significant",N/A,FAIL
26,Missing Information,What is the name of the institution that currently services the mortgage?,I couldn't find this information,"The servicer's name is not mentioned in the context. Based on the information in the context, the mortgage is currently being serviced by a firm called XYZ Mortgage Services Inc., and the loan is being amortized with a fixed interest rate of 5.35%. The monthly payment is 2,180 and it covers both property",N/A,FAIL
27,Missing Information,What is the current balance of the college fund?,I couldn't find this information,The current balance of the college fund is not stated in the given context.,N/A,FAIL
28,Missing Information,What specific car model does Priya plan to buy?,I couldn't find this information,"The question is about the specific car model that Priya plans to buy. As of this writing, they have not decided on a specific model but have some idea of what they would like. The best they can say for certain is that it will be a sedan, not a hatchback, and that it will be a mid-size model rather than a luxury model",N/A,FAIL
29,Missing Information,What is their planned vacation destination?,I couldn't find this information,The planned vacation destination is not specified in the provided context.,N/A,FAIL
30,Missing Information,What medications are Daniel and Priya currently taking?,I couldn't find this information,Daniel and Priya do not take any medications or ongoing prescriptions.,N/A,FAIL
31,Calculation,How much more money is needed to reach the emergency fund target?,"9,000","To reach the emergency fund target, the household would need to accumulate 15,200 dollars by the end of June 2021.",N/A,FAIL
32,Calculation,How much more is needed to reach the home repair fund target?,"3,800","The answer is $5,250.",N/A,FAIL
33,Calculation,How much more is needed to reach the vacation fund target?,"1,850","The vacation fund target is 12,000 dollars, so 1,800 dollars is needed to reach it.",N/A,FAIL
34,Calculation,How much more is needed for the vehicle savings account to reach its target?,"7,200","The question asks how much more is needed for the vehicle savings account to reach its target. The answer is that the vehicle savings account currently sits at 6,200 dollars and the household hopes to bring it up to 10,000 dollars before undertaking any major renovation projects. The goal is to have some extra cash handy in",N/A,FAIL
