index,category,question,expected,model_answer,time_sec
1,Direct,What is the remaining mortgage balance?,"342,600","The remaining mortgage balance is 342,600 dollars.",2.72
2,Direct,What is the monthly mortgage payment?,"2,180","The monthly mortgage payment is 2,180 dollars.",2.43
3,Direct,What is the interest rate on the mortgage?,5.35,The interest rate on the mortgage is 5.35 percent.,2.49
4,Direct,How much remains on the car loan?,"11,400","11,400 dollars remains on the car loan.",2.41
5,Direct,What is the monthly car loan payment?,365,The monthly car loan payment is 365 dollars.,2.39
6,Direct,How much is currently in the emergency fund?,"15,000","15,000 dollars",2.7
7,Direct,What is the target for the emergency fund?,"24,000","The target for the emergency fund is 24,000 dollars.",3.08
8,Direct,How much is currently in the brokerage account?,"58,300","58,300 dollars",2.3
9,Paraphrased,How much does the household pay every month toward the home loan?,"2,180","2,180 dollars",1.87
10,Paraphrased,What amount has been set aside as the household's financial safety cushion?,"15,000","15,000 dollars",2.46
11,Paraphrased,What sum has been accumulated for repairing the house?,"6,200","6,200 dollars",1.98
12,Paraphrased,How much money has been put away for the eventual replacement of Priya's car?,"4,800","4,800 dollars",2.74
13,Paraphrased,What is the current value of the household's taxable investment account?,"58,300","58,300 dollars",1.79
14,Conceptual,Why does the household keep several savings accounts instead of putting all the money into one account?,separate goals,The household keeps several savings accounts instead of putting all the money into one account because Priya insists it keeps them from unconsciously borrowing from one goal to fund another.,4.49
15,Conceptual,Why is the emergency fund kept separate from the home repair fund?,emergencies,"To avoid confusion between a large but predictable expense (home repair) and a genuine crisis (job loss, medical surprises, major unplanned home costs).",4.2
16,Conceptual,Why do Daniel and Priya consider the car loan more urgent than the mortgage?,higher rate,"Daniel and Priya consider the car loan more urgent than the mortgage because the interest rate on the car loan is notably higher at 6. 9 percent, compared to the mortgage rate, and the monthly payment for the car loan is 365 dollars, which is comparatively lower than the mortgage payment. Additionally, the balance on the car loan is smaller and expected to be fully retired within about fourteen months, making it feel more urgent despite the mortgage having a larger balance.",7.2
17,Conceptual,Why don't they consider their brokerage account to be emergency savings?,market,"They consider their brokerage account to be emergency savings only technically, not practically. The account is meant to grow over a long horizon and is not accessible for near-term needs, even though it is technically liquid. Daniel believes mixing investment money with emergency savings would defeat the purpose of having either one, since the value of the emergency fund should not fluctuate with the market.",6.77
18,Conceptual,Why is the vacation fund considered more flexible than the vehicle fund?,vacation can be postponed,"The vacation fund is considered more flexible than the vehicle fund because the household does not necessarily need to take a trip funded by the vacation account, whereas a replacement for Priya's older car is eventually inevitable.",4.67
19,Comparison,"Which has the higher interest rate, the mortgage or the car loan?",car loan,The car loan has a higher interest rate compared to the mortgage.,2.96
20,Comparison,How does the purpose of the emergency fund differ from the home repair fund?,emergency fund,"The purpose of the emergency fund differs from the home repair fund in that the emergency fund is set aside specifically to cover job loss, medical surprises, or major unplanned home costs, while the home repair fund is intended for known but unscheduled expenses such as an aging roof or HVAC system.",5.34
21,Comparison,How are the brokerage account and cryptocurrency holdings treated differently?,cryptocurrency,"The brokerage account is treated as growing over a long horizon and is not accessible for near-term needs, unlike the emergency fund. In contrast, the cryptocurrency position is treated as a speculative holding and is checked less frequently due to its volatility.",3.91
22,Comparison,"Which is considered more urgent, replacing the car or taking the vacation?",vehicle,Replacing the car is considered more urgent than taking the vacation.,3.6
23,Multi-hop,Why do they prioritize paying off the car loan before making extra mortgage payments?,car loan,Daniel dislikes the psychological weight of owing money even when the math might favor investing instead.,3.29
24,Multi-hop,What financial priority comes after finishing the car loan?,emergency fund,Building the emergency fund,2.52
25,Multi-hop,Why does the household continue retirement contributions even while dealing with shorter-term goals?,long-term,They continue retirement contributions even while dealing with shorter-term goals because both view long-term investing as something that should not be paused just because a shorter-term goal feels more pressing.,4.13
26,Missing Information,What is the name of the institution that currently services the mortgage?,I couldn't find this information,I couldn't find this information.,2.16
27,Missing Information,What is the current balance of the college fund?,I couldn't find this information,The current balance of the college fund is not recorded in this record.,2.92
28,Missing Information,What specific car model does Priya plan to buy?,I couldn't find this information,I couldn't find this information.,3.03
29,Missing Information,What is their planned vacation destination?,I couldn't find this information,I couldn't find this information.,2.98
30,Missing Information,What medications are Daniel and Priya currently taking?,I couldn't find this information,I couldn't find this information.,2.12
31,Calculation,How much more money is needed to reach the emergency fund target?,"9,000","6,000 dollars",2.67
32,Calculation,How much more is needed to reach the home repair fund target?,"3,800","3,800 dollars.",2.5
33,Calculation,How much more is needed to reach the vacation fund target?,"1,850","1,850 dollars",2.58
34,Calculation,How much more is needed for the vehicle savings account to reach its target?,"7,200","The vehicle savings account is $7,200 away from its target of $12,000.",4.03
